INSERT INTO `store_product` (`id`, `name`, `reference`, `description`, `unit_price`, `inventory`, `category_id`) values 
	(1, 'BEASTCOM Q3 | AMD Ryzen 5 6X 4,20GHz 12 Threads | 4K Vega Radeon Graphique | 16Go RAM | 1To SSD', '4wucfsKN4V', NULL, 679.0, 12, 9),
	(2, 'Tochka 2 | AMD 5 5600X | RTX 4060 OC | 16GB | 500GB NVMe', 'bGmXH1gTJL', NULL, 1249, 12, 9),
	(3, 'Eclipse 6 | AMD 5 5600X | RTX 3060 OC 12GB | 16GB | 500GB NVMe', 'vUr1dv5z3J', NULL, 959.99, 13, 9),
	(4, 'Madara 5 | I7-11700 | RTX 3060 | 32GB RAM | 500 NVMe', 'cFVRrldCrF', NULL, 829.99, 13, 9),
	(5, 'Legacy 10 | I5-13500 | RTX 3060 | 16GB RAM | 500 NVMe', 'Wjzrot9XTi', NULL, 839.99, 13, 9),
	(6, 'Legacy 9 | I7-11700 | RTX 3050 | 32GB RAM | 500 NVMe', 'jxJg4gq4gT', NULL, 819.99, 13, 9),
	(7, 'Madara 6 | I5-13400F | RTX 4060 | 32GB RAM | 500 NVMe', 'ceP2aavWPz', NULL, 809.99, 13, 9),
	(8, 'Legacy 8 | I5-13400F | RTX 3060 | 32GB RAM | 500 NVMe', 'My7zYJ0hx4', NULL, 809.99, 13, 9),
	(9, 'Legacy 7 | i5-12400F | RTX 4060 | 32 GB RAM | 500 NVMe', '6hLJggreJD', NULL, 809.99, 13, 9),
	(10, 'Madara 4 | I5-13400F | RTX 4060 | 16GB RAM | 500 NVMe', 'lNBuCuTNGc', NULL, 799.99, 13, 9),
	(11, 'Madara 3 | I7-11700 | RTX 3060 | 16GB RAM | 500 NVMe', 'JWW4R9ggvR', NULL, 789.99, 13, 9),
	(12, 'Tochka 1 | Ryzen 5 5600G | RTX 4060 OC | 16GB Ram | 500 NVMe', 'xQlHcUiIag', NULL, 769.99, 13, 9);

INSERT INTO `store_productconfiguration` (`id`, `variation_id`, `product_id`, `value`) values 
	(1, 1, 1, 'AMD Ryzen 5 6X 4.20GHz 12Threads '),
	(2, 2, 1, '16 GB'),
	(3, 3, 1, 'MSI B550M PRO-VDH WIFI'),
	(4, 4, 1, 'MSI MAG A600DN 600W 80+ Standard'),
	(5, 5, 1, '4K Vega Radeon Graphique'),
	(6, 6, 1, 'Cooler BJ-120c-DT4'),
	(7, 7, 1, 'MSI SPATIUM M450 SSD M.2 Gen 4.0 NVMe 1To'),
	(8, 8, 1, 'Windows 11 Pro'),
	(9, 9, 1, 'Cooler Master TD500 Mesh V2'),
	(10, 1, 2, 'AMD Ryzen 5 5600X (3.7 GHz / 4.6 GHz)'),
	(11, 2, 2, 'Adata 16GB (2x8GB) 3200MHz'),
	(12, 3, 2, 'MSI B550M PRO-VDH WIFI'),
	(13, 4, 2, 'MSI MAG A600DN 600W 80+ Standard'),
	(14, 5, 2, 'MSI GeForce RTX 4060 VENTUS 2X BLACK 8G OC'),
	(15, 6, 2, 'Cooler BJ-120c-DT4'),
	(16, 7, 2, 'MSI SPATIUM M450 SSD M.2 Gen 4.0 NVMe 500GB'),
	(17, 8, 2, 'Windows 11 Pro'),
	(18, 9, 2, 'MSI MAG FORGE 100M'),
	(19, 1, 3, 'AMD Ryzen 5 5600X (3.7 GHz / 4.6 GHz)'),
	(20, 2, 3, 'Adata 16GB (2x8GB) 3200MHz'),
	(21, 3, 3, 'Gigabyte B550M DS3H'),
	(22, 4, 3, 'MSI MAG A600DN 600W 80+ Standard'),
	(23, 5, 3, 'MSI GeForce RTX 3060 VENTUS 2X 12G OC'),
	(24, 6, 3, 'Cooler BJ-120c-DT4'),
	(25, 7, 3, 'GIGABYTE NVMe SSD 2500E 500GB'),
	(26, 8, 3, 'Windows 11 Pro'),
	(27, 9, 3, 'INTER-TECH C-907 COBWEB'),
	(28, 1, 4, 'Intel Core i7-11700 (2.5 GHz/4.9 GHz)'),
	(29, 2, 4, 'TEAM GROUP 32GB (2X16GB) 3200MHz DDR4'),
	(30, 3, 4, 'Gigabyte H510M K V2'),
	(31, 4, 4, 'AEROCOOL LUX 550W 80PLUS BRONZE'),
	(32, 5, 4, 'MSI GeForce RTX 3060 VENTUS 2X 12G OC'),
	(33, 7, 4, 'GIGABYTE GEN3 2500E SSD NVME 500 GB'),
	(34, 8, 4, 'Windows 11 Pro'),
	(35, 9, 4, 'MSI MAG FORGE M100R'),
	(36, 1, 5, 'Intel Core i5-13500 (2.5 GHz / 4.8 GHz)'),
	(37, 2, 5, 'DATO 16Go (2x8Go) DDR4 3200Mhz'),
	(38, 5, 5, 'MSI GeForce RTX 3060 VENTUS 2X 12G OC'),
	(39, 7, 5, 'GIGABYTE GEN3 2500E SSD NVME 500 GB'),
	(40, 9, 5, 'MSI MAG FORGE M100R'),
	(41, 3, 5, 'GIGABYTE H610M S2H DDR4'),
	(42, 4, 5, 'AEROCOOL LUX 550W 80PLUS BRONZE'),
	(43, 8, 5, 'Windows 11 Pro'),
	(44, 1, 6, 'Intel Core i7-11700 (2.5 GHz/4.9 GHz)'),
	(45, 2, 6, 'TEAM GROUP 32GB (2X16GB) 3200MHz DDR4 '),
	(46, 5, 6, 'MSI GeForce RTX 3050 VENTUS 2X 8G'),
	(47, 7, 6, 'GIGABYTE GEN3 2500E SSD NVME 500 GB'),
	(48, 9, 6, 'MSI MAG FORGE M100R '),
	(49, 3, 6, 'Gigabyte H510M K V2'),
	(50, 4, 6, 'AEROCOOL LUX 550W 80PLUS BRONZE'),
	(51, 8, 6, 'Windows 11 Pro'),
	(52, 1, 7, 'Intel Core i5-13400F (2.5 GHz / 4.6 GHz)'),
	(53, 2, 7, 'TEAM GROUP 32GB (2X16GB) 3200MHz DDR4 '),
	(54, 5, 7, 'MSI GeForce RTX 4060 VENTUS 2X BLACK 8G OC'),
	(55, 7, 7, 'GIGABYTE GEN3 2500E SSD NVME 500 GB'),
	(56, 9, 7, 'MSI MAG FORGE M100R '),
	(57, 3, 7, 'GIGABYTE H610M S2H DDR4'),
	(58, 4, 7, 'AEROCOOL LUX 550W 80PLUS BRONZE'),
	(59, 8, 7, 'Windows 11 Pro'),
	(60, 1, 8, 'Intel Core i5-13400F (2.5 GHz / 4.6 GHz)'),
	(61, 2, 8, 'TEAM GROUP 32GB (2X16GB) 3200MHz DDR4'),
	(62, 5, 8, 'MSI GeForce RTX 3060 VENTUS 2X 12G OC'),
	(63, 7, 8, 'GIGABYTE GEN3 2500E SSD NVME 500 GB'),
	(64, 9, 8, 'MSI MAG FORGE M100R '),
	(65, 3, 8, 'GIGABYTE H610M S2H DDR4'),
	(66, 4, 8, 'AEROCOOL LUX 550W 80PLUS BRONZE'),
	(67, 8, 8, 'Windows 11 Pro'),
	(68, 1, 9, 'Intel Core i5-12400F (2.5 GHz / 4.4 GHz)'),
	(69, 2, 9, 'TEAM GROUP 32GB (2X16GB) 3200MHz DDR4'),
	(70, 5, 9, 'MSI GeForce RTX 4060 VENTUS 2X BLACK 8G OC'),
	(71, 7, 9, 'GIGABYTE GEN3 2500E SSD NVME 500 GB'),
	(72, 9, 9, 'MSI MAG FORGE M100R '),
	(73, 3, 9, 'GIGABYTE H610M S2H DDR4'),
	(74, 4, 9, 'AEROCOOL LUX 550W 80PLUS BRONZE'),
	(75, 8, 9, 'Windows 11 Pro'),
	(76, 1, 10, 'Intel Core i5-13400F (2.5 GHz / 4.6 GHz)'),
	(77, 2, 10, 'DATO 16Go (2x8Go) DDR4 3200Mhz'),
	(78, 5, 10, 'MSI GeForce RTX 4060 VENTUS 2X BLACK 8G OC'),
	(79, 7, 10, 'GIGABYTE GEN3 2500E SSD NVME 500 GB'),
	(80, 9, 10, 'MSI MAG FORGE M100R '),
	(81, 3, 10, 'GIGABYTE H610M S2H DDR4'),
	(82, 4, 10, 'AEROCOOL LUX 550W 80PLUS BRONZE'),
	(83, 8, 10, 'Windows 11 Pro'),
	(84, 1, 11, 'Intel Core i7-11700 (2.5 GHz/4.9 GHz)'),
	(85, 2, 11, 'DATO 16Go (2x8Go) DDR4 3200Mhz'),
	(86, 5, 11, 'MSI GeForce RTX 3060 VENTUS 2X 12G OC'),
	(87, 7, 11, 'GIGABYTE GEN3 2500E SSD NVME 500 GB'),
	(88, 9, 11, 'MSI MAG FORGE M100R '),
	(89, 3, 11, 'Gigabyte H510M K V2'),
	(90, 4, 11, 'AEROCOOL LUX 550W 80PLUS BRONZE'),
	(91, 8, 11, 'Windows 11 Pro'),
	(92, 1, 12, 'AMD Ryzen 5 5600G (3.9 GHz / 4.4 GHz)'),
	(93, 2, 12, 'Adata 16GB (2X8GB) 3200MHz'),
	(94, 5, 12, 'MSI GeForce RTX 4060 VENTUS 2X BLACK 8G OC'),
	(95, 7, 12, 'MSI SPATIUM M450 500GO SSD M.2'),
	(96, 9, 12, 'MSI MAG FORGE 112R RGB'),
	(97, 3, 12, 'Gigabyte A520M K V2'),
	(98, 4, 12, 'MSI MAG A600DN 600W 80+ Standard'),
	(99, 8, 12, 'Windows 11 Pro');

INSERT INTO `store_productimage` (`id`, `image`, `product_id`) values
	(1, 'store/images/products/gaming_pc_1_1.jpg', 1),
	(2, 'store/images/products/gaming_pc_1_2.jpg', 1),
	(3, 'store/images/products/gaming_pc_1_3.jpg', 1),
	(4, 'store/images/products/gaming_pc_1_4.jpg', 1),
	(5, 'store/images/products/gaming_pc_1_5.jpg', 1),
	(6, 'store/images/products/gaming_pc_2_1.jpg', 2),
	(7, 'store/images/products/gaming_pc_2_2.jpg', 2),
	(8, 'store/images/products/gaming_pc_2_3.jpg', 2),
	(9, 'store/images/products/gaming_pc_2_4.jpg', 2),
	(10, 'store/images/products/gaming_pc_2_5.jpg', 2),
	(11, 'store/images/products/gaming_pc_3_1.jpg', 3),
	(12, 'store/images/products/gaming_pc_3_2.jpg', 3),
	(13, 'store/images/products/gaming_pc_3_3.jpg', 3),
	(14, 'store/images/products/gaming_pc_3_4.jpg', 3),
	(15, 'store/images/products/gaming_pc_3_5.jpg', 3),
	(16, 'store/images/products/gaming_pc_4_1.jpg', 4),
	(17, 'store/images/products/gaming_pc_4_2.jpg', 4),
	(18, 'store/images/products/gaming_pc_4_3.jpg', 4),
	(19, 'store/images/products/gaming_pc_5_1.jpg', 5),
	(20, 'store/images/products/gaming_pc_5_2.jpg', 5),
	(21, 'store/images/products/gaming_pc_5_3.jpg', 5),
	(22, 'store/images/products/gaming_pc_5_4.jpg', 5),
	(23, 'store/images/products/gaming_pc_6_1.jpg', 6),
	(24, 'store/images/products/gaming_pc_7_1.jpg', 7),
	(25, 'store/images/products/gaming_pc_7_2.jpg', 7),
	(26, 'store/images/products/gaming_pc_7_3.jpg', 7),
	(27, 'store/images/products/gaming_pc_7_4.jpg', 7),
	(28, 'store/images/products/gaming_pc_8_1.jpg', 8),
	(29, 'store/images/products/gaming_pc_8_2.jpg', 8),
	(30, 'store/images/products/gaming_pc_8_3.jpg', 8),
	(31, 'store/images/products/gaming_pc_8_4.jpg', 8),
	(32, 'store/images/products/gaming_pc_9_1.jpg', 9),
	(33, 'store/images/products/gaming_pc_10_1.jpg', 10),
	(34, 'store/images/products/gaming_pc_10_2.jpg', 10),
	(35, 'store/images/products/gaming_pc_10_3.jpg', 10),
	(36, 'store/images/products/gaming_pc_10_4.jpg', 10),
	(37, 'store/images/products/gaming_pc_11_1.jpg', 11),
	(38, 'store/images/products/gaming_pc_11_2.jpg', 11),
	(39, 'store/images/products/gaming_pc_11_3.jpg', 11),
	(40, 'store/images/products/gaming_pc_11_4.jpg', 11),
	(41, 'store/images/products/gaming_pc_11_5.jpg', 11),
	(42, 'store/images/products/gaming_pc_12_1.jpg', 12),
	(43, 'store/images/products/gaming_pc_12_2.jpg', 12),
	(44, 'store/images/products/gaming_pc_12_3.jpg', 12),
	(45, 'store/images/products/gaming_pc_12_4.jpg', 12);

